{
  "locations":
  [
    {
      "Lat":50.96815961733491,
      "Lng": -0.14339428795803885
    },
    {
      "Lat": 50.89587047500134,
      "Lng": -0.2921298254035108
    }
  ]
}